{
  "items": [
    {
      "description": "Lorem Ipsum is simply dummy text of the printing and typesetting industry. Lorem Ipsum has been the industry's standard dummy text ever since the 1500s, when an unknown printer took a galley of type and scrambled it to make a type specimen book. It has survived not only five centuries, but also the leap into electronic typesetting, remaining essentially unchanged.  -",
      "discountedPrice": 340,
      "price": 450,
      "thumbnail": "1.png",
      "title": "Monalisa"
    },
    {
      "description": "Lorem Ipsum is simply dummy text of the printing and typesetting industry. Lorem Ipsum has been the industry's standard dummy text ever since the 1500s, when an unknown printer took a galley of type and scrambled it to make a type specimen book. It has survived not only five centuries, but also the leap into electronic typesetting, remaining essentially unchanged.  -",
      "discountedPrice": 27,
      "price": 30,
      "thumbnail": "2.png",
      "title": "The Scream"
    },
    {
      "description": "Lorem Ipsum is simply dummy text of the printing and typesetting industry. Lorem Ipsum has been the industry's standard dummy text ever since the 1500s, when an unknown printer took a galley of type and scrambled it to make a type specimen book. It has survived not only five centuries, but also the leap into electronic typesetting, remaining essentially unchanged.  -",
      "discountedPrice": 340,
      "price": 450,
      "thumbnail": "3.png",
      "title": "The strarry night"
    },
    {
      "description": "Lorem Ipsum is simply dummy text of the printing and typesetting industry. Lorem Ipsum has been the industry's standard dummy text ever since the 1500s, when an unknown printer took a galley of type and scrambled it to make a type specimen book. It has survived not only five centuries, but also the leap into electronic typesetting, remaining essentially unchanged.  -",
      "discountedPrice": 85,
      "price": 100,
      "thumbnail": "4.png",
      "title": "Girl with pearl earing"
    },
    {
      "description": "Lorem Ipsum is simply dummy text of the printing and typesetting industry. Lorem Ipsum has been the industry's standard dummy text ever since the 1500s, when an unknown printer took a galley of type and scrambled it to make a type specimen book. It has survived not only five centuries, but also the leap into electronic typesetting, remaining essentially unchanged.  -",
      "discountedPrice": 340,
      "price": 450,
      "thumbnail": "5.png",
      "title": "Birth of Adam"
    },
    {
      "description": "Lorem Ipsum is simply dummy text of the printing and typesetting industry. Lorem Ipsum has been the industry's standard dummy text ever since the 1500s, when an unknown printer took a galley of type and scrambled it to make a type specimen book. It has survived not only five centuries, but also the leap into electronic typesetting, remaining essentially unchanged.  -",
      "discountedPrice": 27,
      "price": 30,
      "thumbnail": "6.png",
      "title": "birth of venus"
    },
    {
      "description": "Lorem Ipsum is simply dummy text of the printing and typesetting industry. Lorem Ipsum has been the industry's standard dummy text ever since the 1500s, when an unknown printer took a galley of type and scrambled it to make a type specimen book. It has survived not only five centuries, but also the leap into electronic typesetting, remaining essentially unchanged.  -",
      "discountedPrice": 340,
      "price": 450,
      "thumbnail": "7.png",
      "title": "awesome day"
    },
    {
      "description": "Lorem Ipsum is simply dummy text of the printing and typesetting industry. Lorem Ipsum has been the industry's standard dummy text ever since the 1500s, when an unknown printer took a galley of type and scrambled it to make a type specimen book. It has survived not only five centuries, but also the leap into electronic typesetting, remaining essentially unchanged.  -",
      "discountedPrice": 85,
      "price": 100,
      "thumbnail": "8.png",
      "title": "views"
    }
  ],
  "items-category-1": [
    {
      "description": "Lorem Ipsum is simply dummy text of the printing and typesetting industry. Lorem Ipsum has been the industry's standard dummy text ever since the 1500s, when an unknown printer took a galley of type and scrambled it to make a type specimen book. It has survived not only five centuries, but also the leap into electronic typesetting, remaining essentially unchanged.  -",
      "discountedPrice": 340,
      "price": 450,
      "thumbnail": "1.png",
      "title": "Monalisa"
    },
    {
      "description": "Lorem Ipsum is simply dummy text of the printing and typesetting industry. Lorem Ipsum has been the industry's standard dummy text ever since the 1500s, when an unknown printer took a galley of type and scrambled it to make a type specimen book. It has survived not only five centuries, but also the leap into electronic typesetting, remaining essentially unchanged.  -",
      "discountedPrice": 27,
      "price": 30,
      "thumbnail": "2.png",
      "title": "The Scream"
    },
    {
      "description": "Lorem Ipsum is simply dummy text of the printing and typesetting industry. Lorem Ipsum has been the industry's standard dummy text ever since the 1500s, when an unknown printer took a galley of type and scrambled it to make a type specimen book. It has survived not only five centuries, but also the leap into electronic typesetting, remaining essentially unchanged.  -",
      "discountedPrice": 340,
      "price": 450,
      "thumbnail": "3.png",
      "title": "The strarry night"
    },
    {
      "description": "Lorem Ipsum is simply dummy text of the printing and typesetting industry. Lorem Ipsum has been the industry's standard dummy text ever since the 1500s, when an unknown printer took a galley of type and scrambled it to make a type specimen book. It has survived not only five centuries, but also the leap into electronic typesetting, remaining essentially unchanged.  -",
      "discountedPrice": 85,
      "price": 100,
      "thumbnail": "4.png",
      "title": "Girl with pearl earing"
    }
  ],
  "items-category-2": [
    {
      "description": "Lorem Ipsum is simply dummy text of the printing and typesetting industry. Lorem Ipsum has been the industry's standard dummy text ever since the 1500s, when an unknown printer took a galley of type and scrambled it to make a type specimen book. It has survived not only five centuries, but also the leap into electronic typesetting, remaining essentially unchanged.  -",
      "discountedPrice": 340,
      "price": 450,
      "thumbnail": "1.png",
      "title": "Monalisa"
    },
    {
      "description": "Lorem Ipsum is simply dummy text of the printing and typesetting industry. Lorem Ipsum has been the industry's standard dummy text ever since the 1500s, when an unknown printer took a galley of type and scrambled it to make a type specimen book. It has survived not only five centuries, but also the leap into electronic typesetting, remaining essentially unchanged.  -",
      "discountedPrice": 27,
      "price": 30,
      "thumbnail": "2.png",
      "title": "The Scream"
    },
    {
      "description": "Lorem Ipsum is simply dummy text of the printing and typesetting industry. Lorem Ipsum has been the industry's standard dummy text ever since the 1500s, when an unknown printer took a galley of type and scrambled it to make a type specimen book. It has survived not only five centuries, but also the leap into electronic typesetting, remaining essentially unchanged.  -",
      "discountedPrice": 340,
      "price": 450,
      "thumbnail": "3.png",
      "title": "The strarry night"
    }
  ],
  "items-category-3": [
    {
      "description": "Lorem Ipsum is simply dummy text of the printing and typesetting industry. Lorem Ipsum has been the industry's standard dummy text ever since the 1500s, when an unknown printer took a galley of type and scrambled it to make a type specimen book. It has survived not only five centuries, but also the leap into electronic typesetting, remaining essentially unchanged.  -",
      "discountedPrice": 340,
      "price": 450,
      "thumbnail": "3.png",
      "title": "The strarry night"
    },
    {
      "description": "Lorem Ipsum is simply dummy text of the printing and typesetting industry. Lorem Ipsum has been the industry's standard dummy text ever since the 1500s, when an unknown printer took a galley of type and scrambled it to make a type specimen book. It has survived not only five centuries, but also the leap into electronic typesetting, remaining essentially unchanged.  -",
      "discountedPrice": 85,
      "price": 100,
      "thumbnail": "4.png",
      "title": "Girl with pearl earing"
    },
    {
      "description": "Lorem Ipsum is simply dummy text of the printing and typesetting industry. Lorem Ipsum has been the industry's standard dummy text ever since the 1500s, when an unknown printer took a galley of type and scrambled it to make a type specimen book. It has survived not only five centuries, but also the leap into electronic typesetting, remaining essentially unchanged.  -",
      "discountedPrice": 85,
      "price": 100,
      "thumbnail": "4.png",
      "title": "Girl with pearl earing"
    }
  ],
  "items-category-4": [
    {
      "description": "Lorem Ipsum is simply dummy text of the printing and typesetting industry. Lorem Ipsum has been the industry's standard dummy text ever since the 1500s, when an unknown printer took a galley of type and scrambled it to make a type specimen book. It has survived not only five centuries, but also the leap into electronic typesetting, remaining essentially unchanged.  -",
      "discountedPrice": 340,
      "price": 450,
      "thumbnail": "1.png",
      "title": "Monalisa"
    },
    {
      "description": "Lorem Ipsum is simply dummy text of the printing and typesetting industry. Lorem Ipsum has been the industry's standard dummy text ever since the 1500s, when an unknown printer took a galley of type and scrambled it to make a type specimen book. It has survived not only five centuries, but also the leap into electronic typesetting, remaining essentially unchanged.  -",
      "discountedPrice": 340,
      "price": 450,
      "thumbnail": "3.png",
      "title": "The strarry night"
    },
    {
      "description": "Lorem Ipsum is simply dummy text of the printing and typesetting industry. Lorem Ipsum has been the industry's standard dummy text ever since the 1500s, when an unknown printer took a galley of type and scrambled it to make a type specimen book. It has survived not only five centuries, but also the leap into electronic typesetting, remaining essentially unchanged.  -",
      "discountedPrice": 85,
      "price": 100,
      "thumbnail": "4.png",
      "title": "Girl with pearl earing"
    },
    {
      "description": "Lorem Ipsum is simply dummy text of the printing and typesetting industry. Lorem Ipsum has been the industry's standard dummy text ever since the 1500s, when an unknown printer took a galley of type and scrambled it to make a type specimen book. It has survived not only five centuries, but also the leap into electronic typesetting, remaining essentially unchanged.  -",
      "discountedPrice": 27,
      "price": 30,
      "thumbnail": "2.png",
      "title": "The Scream"
    }
  ]
}